Variable1;Valor1;Variable2;Valor2;Variable3;Valor3;Variable4;Valor4;Variable5;Valor5;PERIODO;VALOR
Tipo de dato;Dato base;TIPO DE CATEGORIA;Total categorías;RESIDENCIA/ORIGEN;Total;Total Nacional;Total Nacional;Concepto turístico;Pernoctaciones;2025M01;16.910.798
Tipo de dato;Dato base;TIPO DE CATEGORIA;Total categorías;RESIDENCIA/ORIGEN;Total;Total Nacional;Total Nacional;Concepto turístico;Pernoctaciones;2024M12;18.033.188
Tipo de dato;Dato base;TIPO DE CATEGORIA;Total categorías;RESIDENCIA/ORIGEN;Total;Total Nacional;Total Nacional;Concepto turístico;Pernoctaciones;2024M11;20.055.197
Tipo de dato;Dato base;TIPO DE CATEGORIA;Total categorías;RESIDENCIA/ORIGEN;Total;Total Nacional;Total Nacional;Concepto turístico;Pernoctaciones;2024M10;33.942.709
Tipo de dato;Dato base;TIPO DE CATEGORIA;Total categorías;RESIDENCIA/ORIGEN;Total;Total Nacional;Total Nacional;Concepto turístico;Pernoctaciones;2024M09;39.040.928
Tipo de dato;Dato base;TIPO DE CATEGORIA;Total categorías;RESIDENCIA/ORIGEN;Total;Total Nacional;Total Nacional;Concepto turístico;Pernoctaciones;2024M08;47.895.779
Tipo de dato;Dato base;TIPO DE CATEGORIA;Total categorías;RESIDENCIA/ORIGEN;Total;Total Nacional;Total Nacional;Concepto turístico;Pernoctaciones;2024M07;44.038.012
Tipo de dato;Dato base;TIPO DE CATEGORIA;Total categorías;RESIDENCIA/ORIGEN;Total;Total Nacional;Total Nacional;Concepto turístico;Pernoctaciones;2024M06;38.226.012
Tipo de dato;Dato base;TIPO DE CATEGORIA;Total categorías;RESIDENCIA/ORIGEN;Total;Total Nacional;Total Nacional;Concepto turístico;Pernoctaciones;2024M05;35.744.250
Tipo de dato;Dato base;TIPO DE CATEGORIA;Total categorías;RESIDENCIA/ORIGEN;Total;Total Nacional;Total Nacional;Concepto turístico;Pernoctaciones;2024M04;27.142.842
Tipo de dato;Dato base;TIPO DE CATEGORIA;Total categorías;RESIDENCIA/ORIGEN;Total;Total Nacional;Total Nacional;Concepto turístico;Pernoctaciones;2024M03;24.533.888
Tipo de dato;Dato base;TIPO DE CATEGORIA;Total categorías;RESIDENCIA/ORIGEN;Total;Total Nacional;Total Nacional;Concepto turístico;Pernoctaciones;2024M02;18.547.585
Tipo de dato;Dato base;TIPO DE CATEGORIA;Total categorías;RESIDENCIA/ORIGEN;Total;Total Nacional;Total Nacional;Concepto turístico;Pernoctaciones;2024M01;16.491.597
Tipo de dato;Dato base;TIPO DE CATEGORIA;Total categorías;RESIDENCIA/ORIGEN;Total;Total Nacional;Total Nacional;Concepto turístico;Pernoctaciones;2023M12;17.913.857
Tipo de dato;Dato base;TIPO DE CATEGORIA;Total categorías;RESIDENCIA/ORIGEN;Total;Total Nacional;Total Nacional;Concepto turístico;Pernoctaciones;2023M11;19.023.828
Tipo de dato;Dato base;TIPO DE CATEGORIA;Total categorías;RESIDENCIA/ORIGEN;Total;Total Nacional;Total Nacional;Concepto turístico;Pernoctaciones;2023M10;32.415.687
Tipo de dato;Dato base;TIPO DE CATEGORIA;Total categorías;RESIDENCIA/ORIGEN;Total;Total Nacional;Total Nacional;Concepto turístico;Pernoctaciones;2023M09;37.980.229
Tipo de dato;Dato base;TIPO DE CATEGORIA;Total categorías;RESIDENCIA/ORIGEN;Total;Total Nacional;Total Nacional;Concepto turístico;Pernoctaciones;2023M08;46.695.607
Tipo de dato;Dato base;TIPO DE CATEGORIA;Total categorías;RESIDENCIA/ORIGEN;Total;Total Nacional;Total Nacional;Concepto turístico;Pernoctaciones;2023M07;43.109.417
Tipo de dato;Dato base;TIPO DE CATEGORIA;Total categorías;RESIDENCIA/ORIGEN;Total;Total Nacional;Total Nacional;Concepto turístico;Pernoctaciones;2023M06;36.255.025
Tipo de dato;Dato base;TIPO DE CATEGORIA;Total categorías;RESIDENCIA/ORIGEN;Total;Total Nacional;Total Nacional;Concepto turístico;Pernoctaciones;2023M05;32.187.667
Tipo de dato;Dato base;TIPO DE CATEGORIA;Total categorías;RESIDENCIA/ORIGEN;Total;Total Nacional;Total Nacional;Concepto turístico;Pernoctaciones;2023M04;28.046.754
Tipo de dato;Dato base;TIPO DE CATEGORIA;Total categorías;RESIDENCIA/ORIGEN;Total;Total Nacional;Total Nacional;Concepto turístico;Pernoctaciones;2023M03;20.597.741
Tipo de dato;Dato base;TIPO DE CATEGORIA;Total categorías;RESIDENCIA/ORIGEN;Total;Total Nacional;Total Nacional;Concepto turístico;Pernoctaciones;2023M02;16.816.547
Tipo de dato;Dato base;TIPO DE CATEGORIA;Total categorías;RESIDENCIA/ORIGEN;Total;Total Nacional;Total Nacional;Concepto turístico;Pernoctaciones;2023M01;15.472.477
Tipo de dato;Dato base;TIPO DE CATEGORIA;Total categorías;RESIDENCIA/ORIGEN;Total;Total Nacional;Total Nacional;Concepto turístico;Pernoctaciones;2022M12;16.627.833
Tipo de dato;Dato base;TIPO DE CATEGORIA;Total categorías;RESIDENCIA/ORIGEN;Total;Total Nacional;Total Nacional;Concepto turístico;Pernoctaciones;2022M11;17.661.676
Tipo de dato;Dato base;TIPO DE CATEGORIA;Total categorías;RESIDENCIA/ORIGEN;Total;Total Nacional;Total Nacional;Concepto turístico;Pernoctaciones;2022M10;29.865.924
Tipo de dato;Dato base;TIPO DE CATEGORIA;Total categorías;RESIDENCIA/ORIGEN;Total;Total Nacional;Total Nacional;Concepto turístico;Pernoctaciones;2022M09;35.999.861
Tipo de dato;Dato base;TIPO DE CATEGORIA;Total categorías;RESIDENCIA/ORIGEN;Total;Total Nacional;Total Nacional;Concepto turístico;Pernoctaciones;2022M08;46.140.100
Tipo de dato;Dato base;TIPO DE CATEGORIA;Total categorías;RESIDENCIA/ORIGEN;Total;Total Nacional;Total Nacional;Concepto turístico;Pernoctaciones;2022M07;42.121.775
Tipo de dato;Dato base;TIPO DE CATEGORIA;Total categorías;RESIDENCIA/ORIGEN;Total;Total Nacional;Total Nacional;Concepto turístico;Pernoctaciones;2022M06;35.111.326
Tipo de dato;Dato base;TIPO DE CATEGORIA;Total categorías;RESIDENCIA/ORIGEN;Total;Total Nacional;Total Nacional;Concepto turístico;Pernoctaciones;2022M05;29.785.395
Tipo de dato;Dato base;TIPO DE CATEGORIA;Total categorías;RESIDENCIA/ORIGEN;Total;Total Nacional;Total Nacional;Concepto turístico;Pernoctaciones;2022M04;25.197.638
Tipo de dato;Dato base;TIPO DE CATEGORIA;Total categorías;RESIDENCIA/ORIGEN;Total;Total Nacional;Total Nacional;Concepto turístico;Pernoctaciones;2022M03;17.632.648
Tipo de dato;Dato base;TIPO DE CATEGORIA;Total categorías;RESIDENCIA/ORIGEN;Total;Total Nacional;Total Nacional;Concepto turístico;Pernoctaciones;2022M02;13.623.546
Tipo de dato;Dato base;TIPO DE CATEGORIA;Total categorías;RESIDENCIA/ORIGEN;Total;Total Nacional;Total Nacional;Concepto turístico;Pernoctaciones;2022M01;10.598.385
Tipo de dato;Dato base;TIPO DE CATEGORIA;Total categorías;RESIDENCIA/ORIGEN;Total;Total Nacional;Total Nacional;Concepto turístico;Pernoctaciones;2021M12;13.220.155
Tipo de dato;Dato base;TIPO DE CATEGORIA;Total categorías;RESIDENCIA/ORIGEN;Total;Total Nacional;Total Nacional;Concepto turístico;Pernoctaciones;2021M11;14.930.647
Tipo de dato;Dato base;TIPO DE CATEGORIA;Total categorías;RESIDENCIA/ORIGEN;Total;Total Nacional;Total Nacional;Concepto turístico;Pernoctaciones;2021M10;23.935.219
Tipo de dato;Dato base;TIPO DE CATEGORIA;Total categorías;RESIDENCIA/ORIGEN;Total;Total Nacional;Total Nacional;Concepto turístico;Pernoctaciones;2021M09;25.679.512
Tipo de dato;Dato base;TIPO DE CATEGORIA;Total categorías;RESIDENCIA/ORIGEN;Total;Total Nacional;Total Nacional;Concepto turístico;Pernoctaciones;2021M08;34.460.041
Tipo de dato;Dato base;TIPO DE CATEGORIA;Total categorías;RESIDENCIA/ORIGEN;Total;Total Nacional;Total Nacional;Concepto turístico;Pernoctaciones;2021M07;26.351.353
Tipo de dato;Dato base;TIPO DE CATEGORIA;Total categorías;RESIDENCIA/ORIGEN;Total;Total Nacional;Total Nacional;Concepto turístico;Pernoctaciones;2021M06;14.259.621
Tipo de dato;Dato base;TIPO DE CATEGORIA;Total categorías;RESIDENCIA/ORIGEN;Total;Total Nacional;Total Nacional;Concepto turístico;Pernoctaciones;2021M05;7.342.738
Tipo de dato;Dato base;TIPO DE CATEGORIA;Total categorías;RESIDENCIA/ORIGEN;Total;Total Nacional;Total Nacional;Concepto turístico;Pernoctaciones;2021M04;4.142.415
Tipo de dato;Dato base;TIPO DE CATEGORIA;Total categorías;RESIDENCIA/ORIGEN;Total;Total Nacional;Total Nacional;Concepto turístico;Pernoctaciones;2021M03;3.588.559
Tipo de dato;Dato base;TIPO DE CATEGORIA;Total categorías;RESIDENCIA/ORIGEN;Total;Total Nacional;Total Nacional;Concepto turístico;Pernoctaciones;2021M02;2.436.961
Tipo de dato;Dato base;TIPO DE CATEGORIA;Total categorías;RESIDENCIA/ORIGEN;Total;Total Nacional;Total Nacional;Concepto turístico;Pernoctaciones;2021M01;2.459.473
Tipo de dato;Dato base;TIPO DE CATEGORIA;Total categorías;RESIDENCIA/ORIGEN;Total;Total Nacional;Total Nacional;Concepto turístico;Pernoctaciones;2020M12;3.245.991
Tipo de dato;Dato base;TIPO DE CATEGORIA;Total categorías;RESIDENCIA/ORIGEN;Total;Total Nacional;Total Nacional;Concepto turístico;Pernoctaciones;2020M11;2.874.269
Tipo de dato;Dato base;TIPO DE CATEGORIA;Total categorías;RESIDENCIA/ORIGEN;Total;Total Nacional;Total Nacional;Concepto turístico;Pernoctaciones;2020M10;5.128.825
Tipo de dato;Dato base;TIPO DE CATEGORIA;Total categorías;RESIDENCIA/ORIGEN;Total;Total Nacional;Total Nacional;Concepto turístico;Pernoctaciones;2020M09;8.219.094
Tipo de dato;Dato base;TIPO DE CATEGORIA;Total categorías;RESIDENCIA/ORIGEN;Total;Total Nacional;Total Nacional;Concepto turístico;Pernoctaciones;2020M08;16.927.211
Tipo de dato;Dato base;TIPO DE CATEGORIA;Total categorías;RESIDENCIA/ORIGEN;Total;Total Nacional;Total Nacional;Concepto turístico;Pernoctaciones;2020M07;11.731.245
Tipo de dato;Dato base;TIPO DE CATEGORIA;Total categorías;RESIDENCIA/ORIGEN;Total;Total Nacional;Total Nacional;Concepto turístico;Pernoctaciones;2020M06;1.870.057
Tipo de dato;Dato base;TIPO DE CATEGORIA;Total categorías;RESIDENCIA/ORIGEN;Total;Total Nacional;Total Nacional;Concepto turístico;Pernoctaciones;2020M05;271.149
Tipo de dato;Dato base;TIPO DE CATEGORIA;Total categorías;RESIDENCIA/ORIGEN;Total;Total Nacional;Total Nacional;Concepto turístico;Pernoctaciones;2020M04;0
Tipo de dato;Dato base;TIPO DE CATEGORIA;Total categorías;RESIDENCIA/ORIGEN;Total;Total Nacional;Total Nacional;Concepto turístico;Pernoctaciones;2020M03;8.372.820
Tipo de dato;Dato base;TIPO DE CATEGORIA;Total categorías;RESIDENCIA/ORIGEN;Total;Total Nacional;Total Nacional;Concepto turístico;Pernoctaciones;2020M02;17.614.206
Tipo de dato;Dato base;TIPO DE CATEGORIA;Total categorías;RESIDENCIA/ORIGEN;Total;Total Nacional;Total Nacional;Concepto turístico;Pernoctaciones;2020M01;15.968.171
Tipo de dato;Dato base;TIPO DE CATEGORIA;Total categorías;RESIDENCIA/ORIGEN;Total;Total Nacional;Total Nacional;Concepto turístico;Pernoctaciones;2019M12;16.966.744
Tipo de dato;Dato base;TIPO DE CATEGORIA;Total categorías;RESIDENCIA/ORIGEN;Total;Total Nacional;Total Nacional;Concepto turístico;Pernoctaciones;2019M11;18.339.394
Tipo de dato;Dato base;TIPO DE CATEGORIA;Total categorías;RESIDENCIA/ORIGEN;Total;Total Nacional;Total Nacional;Concepto turístico;Pernoctaciones;2019M10;30.363.238
Tipo de dato;Dato base;TIPO DE CATEGORIA;Total categorías;RESIDENCIA/ORIGEN;Total;Total Nacional;Total Nacional;Concepto turístico;Pernoctaciones;2019M09;37.572.668
Tipo de dato;Dato base;TIPO DE CATEGORIA;Total categorías;RESIDENCIA/ORIGEN;Total;Total Nacional;Total Nacional;Concepto turístico;Pernoctaciones;2019M08;47.059.511
Tipo de dato;Dato base;TIPO DE CATEGORIA;Total categorías;RESIDENCIA/ORIGEN;Total;Total Nacional;Total Nacional;Concepto turístico;Pernoctaciones;2019M07;43.199.530
Tipo de dato;Dato base;TIPO DE CATEGORIA;Total categorías;RESIDENCIA/ORIGEN;Total;Total Nacional;Total Nacional;Concepto turístico;Pernoctaciones;2019M06;37.163.185
Tipo de dato;Dato base;TIPO DE CATEGORIA;Total categorías;RESIDENCIA/ORIGEN;Total;Total Nacional;Total Nacional;Concepto turístico;Pernoctaciones;2019M05;31.905.788
Tipo de dato;Dato base;TIPO DE CATEGORIA;Total categorías;RESIDENCIA/ORIGEN;Total;Total Nacional;Total Nacional;Concepto turístico;Pernoctaciones;2019M04;26.808.982
Tipo de dato;Dato base;TIPO DE CATEGORIA;Total categorías;RESIDENCIA/ORIGEN;Total;Total Nacional;Total Nacional;Concepto turístico;Pernoctaciones;2019M03;21.520.914
Tipo de dato;Dato base;TIPO DE CATEGORIA;Total categorías;RESIDENCIA/ORIGEN;Total;Total Nacional;Total Nacional;Concepto turístico;Pernoctaciones;2019M02;16.589.486
Tipo de dato;Dato base;TIPO DE CATEGORIA;Total categorías;RESIDENCIA/ORIGEN;Total;Total Nacional;Total Nacional;Concepto turístico;Pernoctaciones;2019M01;15.506.154
Tipo de dato;Dato base;TIPO DE CATEGORIA;Total categorías;RESIDENCIA/ORIGEN;Total;Total Nacional;Total Nacional;Concepto turístico;Pernoctaciones;2018M12;16.655.848
Tipo de dato;Dato base;TIPO DE CATEGORIA;Total categorías;RESIDENCIA/ORIGEN;Total;Total Nacional;Total Nacional;Concepto turístico;Pernoctaciones;2018M11;18.261.076
Tipo de dato;Dato base;TIPO DE CATEGORIA;Total categorías;RESIDENCIA/ORIGEN;Total;Total Nacional;Total Nacional;Concepto turístico;Pernoctaciones;2018M10;31.132.356
Tipo de dato;Dato base;TIPO DE CATEGORIA;Total categorías;RESIDENCIA/ORIGEN;Total;Total Nacional;Total Nacional;Concepto turístico;Pernoctaciones;2018M09;37.768.667
Tipo de dato;Dato base;TIPO DE CATEGORIA;Total categorías;RESIDENCIA/ORIGEN;Total;Total Nacional;Total Nacional;Concepto turístico;Pernoctaciones;2018M08;46.306.240
Tipo de dato;Dato base;TIPO DE CATEGORIA;Total categorías;RESIDENCIA/ORIGEN;Total;Total Nacional;Total Nacional;Concepto turístico;Pernoctaciones;2018M07;42.717.096
Tipo de dato;Dato base;TIPO DE CATEGORIA;Total categorías;RESIDENCIA/ORIGEN;Total;Total Nacional;Total Nacional;Concepto turístico;Pernoctaciones;2018M06;36.168.465
Tipo de dato;Dato base;TIPO DE CATEGORIA;Total categorías;RESIDENCIA/ORIGEN;Total;Total Nacional;Total Nacional;Concepto turístico;Pernoctaciones;2018M05;31.921.157
Tipo de dato;Dato base;TIPO DE CATEGORIA;Total categorías;RESIDENCIA/ORIGEN;Total;Total Nacional;Total Nacional;Concepto turístico;Pernoctaciones;2018M04;25.207.350
Tipo de dato;Dato base;TIPO DE CATEGORIA;Total categorías;RESIDENCIA/ORIGEN;Total;Total Nacional;Total Nacional;Concepto turístico;Pernoctaciones;2018M03;21.918.931
Tipo de dato;Dato base;TIPO DE CATEGORIA;Total categorías;RESIDENCIA/ORIGEN;Total;Total Nacional;Total Nacional;Concepto turístico;Pernoctaciones;2018M02;16.527.859
Tipo de dato;Dato base;TIPO DE CATEGORIA;Total categorías;RESIDENCIA/ORIGEN;Total;Total Nacional;Total Nacional;Concepto turístico;Pernoctaciones;2018M01;15.395.882
Tipo de dato;Dato base;TIPO DE CATEGORIA;Total categorías;RESIDENCIA/ORIGEN;Total;Total Nacional;Total Nacional;Concepto turístico;Pernoctaciones;2017M12;16.211.799
Tipo de dato;Dato base;TIPO DE CATEGORIA;Total categorías;RESIDENCIA/ORIGEN;Total;Total Nacional;Total Nacional;Concepto turístico;Pernoctaciones;2017M11;17.537.436
Tipo de dato;Dato base;TIPO DE CATEGORIA;Total categorías;RESIDENCIA/ORIGEN;Total;Total Nacional;Total Nacional;Concepto turístico;Pernoctaciones;2017M10;30.898.617
Tipo de dato;Dato base;TIPO DE CATEGORIA;Total categorías;RESIDENCIA/ORIGEN;Total;Total Nacional;Total Nacional;Concepto turístico;Pernoctaciones;2017M09;37.961.599
Tipo de dato;Dato base;TIPO DE CATEGORIA;Total categorías;RESIDENCIA/ORIGEN;Total;Total Nacional;Total Nacional;Concepto turístico;Pernoctaciones;2017M08;46.657.187
Tipo de dato;Dato base;TIPO DE CATEGORIA;Total categorías;RESIDENCIA/ORIGEN;Total;Total Nacional;Total Nacional;Concepto turístico;Pernoctaciones;2017M07;43.624.461
Tipo de dato;Dato base;TIPO DE CATEGORIA;Total categorías;RESIDENCIA/ORIGEN;Total;Total Nacional;Total Nacional;Concepto turístico;Pernoctaciones;2017M06;36.646.402
Tipo de dato;Dato base;TIPO DE CATEGORIA;Total categorías;RESIDENCIA/ORIGEN;Total;Total Nacional;Total Nacional;Concepto turístico;Pernoctaciones;2017M05;31.439.920
Tipo de dato;Dato base;TIPO DE CATEGORIA;Total categorías;RESIDENCIA/ORIGEN;Total;Total Nacional;Total Nacional;Concepto turístico;Pernoctaciones;2017M04;27.549.426
Tipo de dato;Dato base;TIPO DE CATEGORIA;Total categorías;RESIDENCIA/ORIGEN;Total;Total Nacional;Total Nacional;Concepto turístico;Pernoctaciones;2017M03;20.508.641
Tipo de dato;Dato base;TIPO DE CATEGORIA;Total categorías;RESIDENCIA/ORIGEN;Total;Total Nacional;Total Nacional;Concepto turístico;Pernoctaciones;2017M02;16.346.534
Tipo de dato;Dato base;TIPO DE CATEGORIA;Total categorías;RESIDENCIA/ORIGEN;Total;Total Nacional;Total Nacional;Concepto turístico;Pernoctaciones;2017M01;15.200.690
Tipo de dato;Dato base;TIPO DE CATEGORIA;Total categorías;RESIDENCIA/ORIGEN;Total;Total Nacional;Total Nacional;Concepto turístico;Pernoctaciones;2016M12;16.013.165
Tipo de dato;Dato base;TIPO DE CATEGORIA;Total categorías;RESIDENCIA/ORIGEN;Total;Total Nacional;Total Nacional;Concepto turístico;Pernoctaciones;2016M11;17.134.705
Tipo de dato;Dato base;TIPO DE CATEGORIA;Total categorías;RESIDENCIA/ORIGEN;Total;Total Nacional;Total Nacional;Concepto turístico;Pernoctaciones;2016M10;30.587.997
Tipo de dato;Dato base;TIPO DE CATEGORIA;Total categorías;RESIDENCIA/ORIGEN;Total;Total Nacional;Total Nacional;Concepto turístico;Pernoctaciones;2016M09;37.218.422
Tipo de dato;Dato base;TIPO DE CATEGORIA;Total categorías;RESIDENCIA/ORIGEN;Total;Total Nacional;Total Nacional;Concepto turístico;Pernoctaciones;2016M08;46.502.956
Tipo de dato;Dato base;TIPO DE CATEGORIA;Total categorías;RESIDENCIA/ORIGEN;Total;Total Nacional;Total Nacional;Concepto turístico;Pernoctaciones;2016M07;42.948.946
Tipo de dato;Dato base;TIPO DE CATEGORIA;Total categorías;RESIDENCIA/ORIGEN;Total;Total Nacional;Total Nacional;Concepto turístico;Pernoctaciones;2016M06;34.430.872
Tipo de dato;Dato base;TIPO DE CATEGORIA;Total categorías;RESIDENCIA/ORIGEN;Total;Total Nacional;Total Nacional;Concepto turístico;Pernoctaciones;2016M05;30.401.275
Tipo de dato;Dato base;TIPO DE CATEGORIA;Total categorías;RESIDENCIA/ORIGEN;Total;Total Nacional;Total Nacional;Concepto turístico;Pernoctaciones;2016M04;23.056.973
Tipo de dato;Dato base;TIPO DE CATEGORIA;Total categorías;RESIDENCIA/ORIGEN;Total;Total Nacional;Total Nacional;Concepto turístico;Pernoctaciones;2016M03;22.022.933
Tipo de dato;Dato base;TIPO DE CATEGORIA;Total categorías;RESIDENCIA/ORIGEN;Total;Total Nacional;Total Nacional;Concepto turístico;Pernoctaciones;2016M02;16.379.849
Tipo de dato;Dato base;TIPO DE CATEGORIA;Total categorías;RESIDENCIA/ORIGEN;Total;Total Nacional;Total Nacional;Concepto turístico;Pernoctaciones;2016M01;14.470.851
Tipo de dato;Dato base;TIPO DE CATEGORIA;Total categorías;RESIDENCIA/ORIGEN;Total;Total Nacional;Total Nacional;Concepto turístico;Pernoctaciones;2015M12;15.043.365
Tipo de dato;Dato base;TIPO DE CATEGORIA;Total categorías;RESIDENCIA/ORIGEN;Total;Total Nacional;Total Nacional;Concepto turístico;Pernoctaciones;2015M11;15.862.738
Tipo de dato;Dato base;TIPO DE CATEGORIA;Total categorías;RESIDENCIA/ORIGEN;Total;Total Nacional;Total Nacional;Concepto turístico;Pernoctaciones;2015M10;28.073.790
Tipo de dato;Dato base;TIPO DE CATEGORIA;Total categorías;RESIDENCIA/ORIGEN;Total;Total Nacional;Total Nacional;Concepto turístico;Pernoctaciones;2015M09;34.918.861
Tipo de dato;Dato base;TIPO DE CATEGORIA;Total categorías;RESIDENCIA/ORIGEN;Total;Total Nacional;Total Nacional;Concepto turístico;Pernoctaciones;2015M08;44.813.404
Tipo de dato;Dato base;TIPO DE CATEGORIA;Total categorías;RESIDENCIA/ORIGEN;Total;Total Nacional;Total Nacional;Concepto turístico;Pernoctaciones;2015M07;39.850.064
Tipo de dato;Dato base;TIPO DE CATEGORIA;Total categorías;RESIDENCIA/ORIGEN;Total;Total Nacional;Total Nacional;Concepto turístico;Pernoctaciones;2015M06;32.092.513
Tipo de dato;Dato base;TIPO DE CATEGORIA;Total categorías;RESIDENCIA/ORIGEN;Total;Total Nacional;Total Nacional;Concepto turístico;Pernoctaciones;2015M05;28.041.622
Tipo de dato;Dato base;TIPO DE CATEGORIA;Total categorías;RESIDENCIA/ORIGEN;Total;Total Nacional;Total Nacional;Concepto turístico;Pernoctaciones;2015M04;23.087.381
Tipo de dato;Dato base;TIPO DE CATEGORIA;Total categorías;RESIDENCIA/ORIGEN;Total;Total Nacional;Total Nacional;Concepto turístico;Pernoctaciones;2015M03;18.596.568
Tipo de dato;Dato base;TIPO DE CATEGORIA;Total categorías;RESIDENCIA/ORIGEN;Total;Total Nacional;Total Nacional;Concepto turístico;Pernoctaciones;2015M02;14.513.335
Tipo de dato;Dato base;TIPO DE CATEGORIA;Total categorías;RESIDENCIA/ORIGEN;Total;Total Nacional;Total Nacional;Concepto turístico;Pernoctaciones;2015M01;13.342.087
Tipo de dato;Dato base;TIPO DE CATEGORIA;Total categorías;RESIDENCIA/ORIGEN;Total;Total Nacional;Total Nacional;Concepto turístico;Pernoctaciones;2014M12;14.041.916
Tipo de dato;Dato base;TIPO DE CATEGORIA;Total categorías;RESIDENCIA/ORIGEN;Total;Total Nacional;Total Nacional;Concepto turístico;Pernoctaciones;2014M11;15.113.125
Tipo de dato;Dato base;TIPO DE CATEGORIA;Total categorías;RESIDENCIA/ORIGEN;Total;Total Nacional;Total Nacional;Concepto turístico;Pernoctaciones;2014M10;26.243.441
Tipo de dato;Dato base;TIPO DE CATEGORIA;Total categorías;RESIDENCIA/ORIGEN;Total;Total Nacional;Total Nacional;Concepto turístico;Pernoctaciones;2014M09;33.858.937
Tipo de dato;Dato base;TIPO DE CATEGORIA;Total categorías;RESIDENCIA/ORIGEN;Total;Total Nacional;Total Nacional;Concepto turístico;Pernoctaciones;2014M08;42.991.384
Tipo de dato;Dato base;TIPO DE CATEGORIA;Total categorías;RESIDENCIA/ORIGEN;Total;Total Nacional;Total Nacional;Concepto turístico;Pernoctaciones;2014M07;37.641.540
Tipo de dato;Dato base;TIPO DE CATEGORIA;Total categorías;RESIDENCIA/ORIGEN;Total;Total Nacional;Total Nacional;Concepto turístico;Pernoctaciones;2014M06;31.567.799
Tipo de dato;Dato base;TIPO DE CATEGORIA;Total categorías;RESIDENCIA/ORIGEN;Total;Total Nacional;Total Nacional;Concepto turístico;Pernoctaciones;2014M05;26.691.702
Tipo de dato;Dato base;TIPO DE CATEGORIA;Total categorías;RESIDENCIA/ORIGEN;Total;Total Nacional;Total Nacional;Concepto turístico;Pernoctaciones;2014M04;22.298.622
Tipo de dato;Dato base;TIPO DE CATEGORIA;Total categorías;RESIDENCIA/ORIGEN;Total;Total Nacional;Total Nacional;Concepto turístico;Pernoctaciones;2014M03;18.129.451
Tipo de dato;Dato base;TIPO DE CATEGORIA;Total categorías;RESIDENCIA/ORIGEN;Total;Total Nacional;Total Nacional;Concepto turístico;Pernoctaciones;2014M02;13.875.208
Tipo de dato;Dato base;TIPO DE CATEGORIA;Total categorías;RESIDENCIA/ORIGEN;Total;Total Nacional;Total Nacional;Concepto turístico;Pernoctaciones;2014M01;12.807.505
Tipo de dato;Dato base;TIPO DE CATEGORIA;Total categorías;RESIDENCIA/ORIGEN;Total;Total Nacional;Total Nacional;Concepto turístico;Pernoctaciones;2013M12;13.595.795
Tipo de dato;Dato base;TIPO DE CATEGORIA;Total categorías;RESIDENCIA/ORIGEN;Total;Total Nacional;Total Nacional;Concepto turístico;Pernoctaciones;2013M11;15.087.587
Tipo de dato;Dato base;TIPO DE CATEGORIA;Total categorías;RESIDENCIA/ORIGEN;Total;Total Nacional;Total Nacional;Concepto turístico;Pernoctaciones;2013M10;25.015.770
Tipo de dato;Dato base;TIPO DE CATEGORIA;Total categorías;RESIDENCIA/ORIGEN;Total;Total Nacional;Total Nacional;Concepto turístico;Pernoctaciones;2013M09;32.647.844
Tipo de dato;Dato base;TIPO DE CATEGORIA;Total categorías;RESIDENCIA/ORIGEN;Total;Total Nacional;Total Nacional;Concepto turístico;Pernoctaciones;2013M08;41.900.828
Tipo de dato;Dato base;TIPO DE CATEGORIA;Total categorías;RESIDENCIA/ORIGEN;Total;Total Nacional;Total Nacional;Concepto turístico;Pernoctaciones;2013M07;37.670.863
Tipo de dato;Dato base;TIPO DE CATEGORIA;Total categorías;RESIDENCIA/ORIGEN;Total;Total Nacional;Total Nacional;Concepto turístico;Pernoctaciones;2013M06;30.808.604
Tipo de dato;Dato base;TIPO DE CATEGORIA;Total categorías;RESIDENCIA/ORIGEN;Total;Total Nacional;Total Nacional;Concepto turístico;Pernoctaciones;2013M05;26.359.256
Tipo de dato;Dato base;TIPO DE CATEGORIA;Total categorías;RESIDENCIA/ORIGEN;Total;Total Nacional;Total Nacional;Concepto turístico;Pernoctaciones;2013M04;19.135.958
Tipo de dato;Dato base;TIPO DE CATEGORIA;Total categorías;RESIDENCIA/ORIGEN;Total;Total Nacional;Total Nacional;Concepto turístico;Pernoctaciones;2013M03;18.815.829
Tipo de dato;Dato base;TIPO DE CATEGORIA;Total categorías;RESIDENCIA/ORIGEN;Total;Total Nacional;Total Nacional;Concepto turístico;Pernoctaciones;2013M02;13.104.722
Tipo de dato;Dato base;TIPO DE CATEGORIA;Total categorías;RESIDENCIA/ORIGEN;Total;Total Nacional;Total Nacional;Concepto turístico;Pernoctaciones;2013M01;11.887.105
Tipo de dato;Dato base;TIPO DE CATEGORIA;Total categorías;RESIDENCIA/ORIGEN;Total;Total Nacional;Total Nacional;Concepto turístico;Pernoctaciones;2012M12;12.398.564
Tipo de dato;Dato base;TIPO DE CATEGORIA;Total categorías;RESIDENCIA/ORIGEN;Total;Total Nacional;Total Nacional;Concepto turístico;Pernoctaciones;2012M11;13.854.509
Tipo de dato;Dato base;TIPO DE CATEGORIA;Total categorías;RESIDENCIA/ORIGEN;Total;Total Nacional;Total Nacional;Concepto turístico;Pernoctaciones;2012M10;23.909.187
Tipo de dato;Dato base;TIPO DE CATEGORIA;Total categorías;RESIDENCIA/ORIGEN;Total;Total Nacional;Total Nacional;Concepto turístico;Pernoctaciones;2012M09;32.045.387
Tipo de dato;Dato base;TIPO DE CATEGORIA;Total categorías;RESIDENCIA/ORIGEN;Total;Total Nacional;Total Nacional;Concepto turístico;Pernoctaciones;2012M08;40.581.091
Tipo de dato;Dato base;TIPO DE CATEGORIA;Total categorías;RESIDENCIA/ORIGEN;Total;Total Nacional;Total Nacional;Concepto turístico;Pernoctaciones;2012M07;37.395.658
Tipo de dato;Dato base;TIPO DE CATEGORIA;Total categorías;RESIDENCIA/ORIGEN;Total;Total Nacional;Total Nacional;Concepto turístico;Pernoctaciones;2012M06;30.243.838
Tipo de dato;Dato base;TIPO DE CATEGORIA;Total categorías;RESIDENCIA/ORIGEN;Total;Total Nacional;Total Nacional;Concepto turístico;Pernoctaciones;2012M05;24.628.932
Tipo de dato;Dato base;TIPO DE CATEGORIA;Total categorías;RESIDENCIA/ORIGEN;Total;Total Nacional;Total Nacional;Concepto turístico;Pernoctaciones;2012M04;21.445.224
Tipo de dato;Dato base;TIPO DE CATEGORIA;Total categorías;RESIDENCIA/ORIGEN;Total;Total Nacional;Total Nacional;Concepto turístico;Pernoctaciones;2012M03;17.393.498
Tipo de dato;Dato base;TIPO DE CATEGORIA;Total categorías;RESIDENCIA/ORIGEN;Total;Total Nacional;Total Nacional;Concepto turístico;Pernoctaciones;2012M02;14.163.457
Tipo de dato;Dato base;TIPO DE CATEGORIA;Total categorías;RESIDENCIA/ORIGEN;Total;Total Nacional;Total Nacional;Concepto turístico;Pernoctaciones;2012M01;12.600.203
Tipo de dato;Dato base;TIPO DE CATEGORIA;Total categorías;RESIDENCIA/ORIGEN;Total;Total Nacional;Total Nacional;Concepto turístico;Pernoctaciones;2011M12;13.044.798
Tipo de dato;Dato base;TIPO DE CATEGORIA;Total categorías;RESIDENCIA/ORIGEN;Total;Total Nacional;Total Nacional;Concepto turístico;Pernoctaciones;2011M11;14.674.921
Tipo de dato;Dato base;TIPO DE CATEGORIA;Total categorías;RESIDENCIA/ORIGEN;Total;Total Nacional;Total Nacional;Concepto turístico;Pernoctaciones;2011M10;24.764.256
Tipo de dato;Dato base;TIPO DE CATEGORIA;Total categorías;RESIDENCIA/ORIGEN;Total;Total Nacional;Total Nacional;Concepto turístico;Pernoctaciones;2011M09;32.099.863
Tipo de dato;Dato base;TIPO DE CATEGORIA;Total categorías;RESIDENCIA/ORIGEN;Total;Total Nacional;Total Nacional;Concepto turístico;Pernoctaciones;2011M08;41.694.917
Tipo de dato;Dato base;TIPO DE CATEGORIA;Total categorías;RESIDENCIA/ORIGEN;Total;Total Nacional;Total Nacional;Concepto turístico;Pernoctaciones;2011M07;37.980.214
Tipo de dato;Dato base;TIPO DE CATEGORIA;Total categorías;RESIDENCIA/ORIGEN;Total;Total Nacional;Total Nacional;Concepto turístico;Pernoctaciones;2011M06;30.704.218
Tipo de dato;Dato base;TIPO DE CATEGORIA;Total categorías;RESIDENCIA/ORIGEN;Total;Total Nacional;Total Nacional;Concepto turístico;Pernoctaciones;2011M05;24.670.723
Tipo de dato;Dato base;TIPO DE CATEGORIA;Total categorías;RESIDENCIA/ORIGEN;Total;Total Nacional;Total Nacional;Concepto turístico;Pernoctaciones;2011M04;22.618.769
Tipo de dato;Dato base;TIPO DE CATEGORIA;Total categorías;RESIDENCIA/ORIGEN;Total;Total Nacional;Total Nacional;Concepto turístico;Pernoctaciones;2011M03;18.086.818
Tipo de dato;Dato base;TIPO DE CATEGORIA;Total categorías;RESIDENCIA/ORIGEN;Total;Total Nacional;Total Nacional;Concepto turístico;Pernoctaciones;2011M02;14.238.644
Tipo de dato;Dato base;TIPO DE CATEGORIA;Total categorías;RESIDENCIA/ORIGEN;Total;Total Nacional;Total Nacional;Concepto turístico;Pernoctaciones;2011M01;12.183.118
Tipo de dato;Dato base;TIPO DE CATEGORIA;Total categorías;RESIDENCIA/ORIGEN;Total;Total Nacional;Total Nacional;Concepto turístico;Pernoctaciones;2010M12;12.778.595
Tipo de dato;Dato base;TIPO DE CATEGORIA;Total categorías;RESIDENCIA/ORIGEN;Total;Total Nacional;Total Nacional;Concepto turístico;Pernoctaciones;2010M11;14.363.392
Tipo de dato;Dato base;TIPO DE CATEGORIA;Total categorías;RESIDENCIA/ORIGEN;Total;Total Nacional;Total Nacional;Concepto turístico;Pernoctaciones;2010M10;23.976.893
Tipo de dato;Dato base;TIPO DE CATEGORIA;Total categorías;RESIDENCIA/ORIGEN;Total;Total Nacional;Total Nacional;Concepto turístico;Pernoctaciones;2010M09;29.696.355
Tipo de dato;Dato base;TIPO DE CATEGORIA;Total categorías;RESIDENCIA/ORIGEN;Total;Total Nacional;Total Nacional;Concepto turístico;Pernoctaciones;2010M08;39.085.826
Tipo de dato;Dato base;TIPO DE CATEGORIA;Total categorías;RESIDENCIA/ORIGEN;Total;Total Nacional;Total Nacional;Concepto turístico;Pernoctaciones;2010M07;34.909.440
Tipo de dato;Dato base;TIPO DE CATEGORIA;Total categorías;RESIDENCIA/ORIGEN;Total;Total Nacional;Total Nacional;Concepto turístico;Pernoctaciones;2010M06;27.357.010
Tipo de dato;Dato base;TIPO DE CATEGORIA;Total categorías;RESIDENCIA/ORIGEN;Total;Total Nacional;Total Nacional;Concepto turístico;Pernoctaciones;2010M05;23.982.979
Tipo de dato;Dato base;TIPO DE CATEGORIA;Total categorías;RESIDENCIA/ORIGEN;Total;Total Nacional;Total Nacional;Concepto turístico;Pernoctaciones;2010M04;19.843.019
Tipo de dato;Dato base;TIPO DE CATEGORIA;Total categorías;RESIDENCIA/ORIGEN;Total;Total Nacional;Total Nacional;Concepto turístico;Pernoctaciones;2010M03;16.752.851
Tipo de dato;Dato base;TIPO DE CATEGORIA;Total categorías;RESIDENCIA/ORIGEN;Total;Total Nacional;Total Nacional;Concepto turístico;Pernoctaciones;2010M02;13.108.750
Tipo de dato;Dato base;TIPO DE CATEGORIA;Total categorías;RESIDENCIA/ORIGEN;Total;Total Nacional;Total Nacional;Concepto turístico;Pernoctaciones;2010M01;11.308.373
Tipo de dato;Dato base;TIPO DE CATEGORIA;Total categorías;RESIDENCIA/ORIGEN;Total;Total Nacional;Total Nacional;Concepto turístico;Pernoctaciones;2009M12;12.030.368
Tipo de dato;Dato base;TIPO DE CATEGORIA;Total categorías;RESIDENCIA/ORIGEN;Total;Total Nacional;Total Nacional;Concepto turístico;Pernoctaciones;2009M11;13.255.271
Tipo de dato;Dato base;TIPO DE CATEGORIA;Total categorías;RESIDENCIA/ORIGEN;Total;Total Nacional;Total Nacional;Concepto turístico;Pernoctaciones;2009M10;21.752.259
Tipo de dato;Dato base;TIPO DE CATEGORIA;Total categorías;RESIDENCIA/ORIGEN;Total;Total Nacional;Total Nacional;Concepto turístico;Pernoctaciones;2009M09;27.387.006
Tipo de dato;Dato base;TIPO DE CATEGORIA;Total categorías;RESIDENCIA/ORIGEN;Total;Total Nacional;Total Nacional;Concepto turístico;Pernoctaciones;2009M08;36.192.581
Tipo de dato;Dato base;TIPO DE CATEGORIA;Total categorías;RESIDENCIA/ORIGEN;Total;Total Nacional;Total Nacional;Concepto turístico;Pernoctaciones;2009M07;32.764.251
Tipo de dato;Dato base;TIPO DE CATEGORIA;Total categorías;RESIDENCIA/ORIGEN;Total;Total Nacional;Total Nacional;Concepto turístico;Pernoctaciones;2009M06;26.082.353
Tipo de dato;Dato base;TIPO DE CATEGORIA;Total categorías;RESIDENCIA/ORIGEN;Total;Total Nacional;Total Nacional;Concepto turístico;Pernoctaciones;2009M05;22.661.503
Tipo de dato;Dato base;TIPO DE CATEGORIA;Total categorías;RESIDENCIA/ORIGEN;Total;Total Nacional;Total Nacional;Concepto turístico;Pernoctaciones;2009M04;19.591.068
Tipo de dato;Dato base;TIPO DE CATEGORIA;Total categorías;RESIDENCIA/ORIGEN;Total;Total Nacional;Total Nacional;Concepto turístico;Pernoctaciones;2009M03;15.536.341
Tipo de dato;Dato base;TIPO DE CATEGORIA;Total categorías;RESIDENCIA/ORIGEN;Total;Total Nacional;Total Nacional;Concepto turístico;Pernoctaciones;2009M02;12.527.991
Tipo de dato;Dato base;TIPO DE CATEGORIA;Total categorías;RESIDENCIA/ORIGEN;Total;Total Nacional;Total Nacional;Concepto turístico;Pernoctaciones;2009M01;11.203.819
Tipo de dato;Dato base;TIPO DE CATEGORIA;Total categorías;RESIDENCIA/ORIGEN;Total;Total Nacional;Total Nacional;Concepto turístico;Pernoctaciones;2008M12;11.946.130
Tipo de dato;Dato base;TIPO DE CATEGORIA;Total categorías;RESIDENCIA/ORIGEN;Total;Total Nacional;Total Nacional;Concepto turístico;Pernoctaciones;2008M11;13.685.099
Tipo de dato;Dato base;TIPO DE CATEGORIA;Total categorías;RESIDENCIA/ORIGEN;Total;Total Nacional;Total Nacional;Concepto turístico;Pernoctaciones;2008M10;22.253.202
Tipo de dato;Dato base;TIPO DE CATEGORIA;Total categorías;RESIDENCIA/ORIGEN;Total;Total Nacional;Total Nacional;Concepto turístico;Pernoctaciones;2008M09;29.305.643
Tipo de dato;Dato base;TIPO DE CATEGORIA;Total categorías;RESIDENCIA/ORIGEN;Total;Total Nacional;Total Nacional;Concepto turístico;Pernoctaciones;2008M08;37.945.216
Tipo de dato;Dato base;TIPO DE CATEGORIA;Total categorías;RESIDENCIA/ORIGEN;Total;Total Nacional;Total Nacional;Concepto turístico;Pernoctaciones;2008M07;34.559.658
Tipo de dato;Dato base;TIPO DE CATEGORIA;Total categorías;RESIDENCIA/ORIGEN;Total;Total Nacional;Total Nacional;Concepto turístico;Pernoctaciones;2008M06;27.737.509
Tipo de dato;Dato base;TIPO DE CATEGORIA;Total categorías;RESIDENCIA/ORIGEN;Total;Total Nacional;Total Nacional;Concepto turístico;Pernoctaciones;2008M05;25.060.656
Tipo de dato;Dato base;TIPO DE CATEGORIA;Total categorías;RESIDENCIA/ORIGEN;Total;Total Nacional;Total Nacional;Concepto turístico;Pernoctaciones;2008M04;19.300.764
Tipo de dato;Dato base;TIPO DE CATEGORIA;Total categorías;RESIDENCIA/ORIGEN;Total;Total Nacional;Total Nacional;Concepto turístico;Pernoctaciones;2008M03;19.216.126
Tipo de dato;Dato base;TIPO DE CATEGORIA;Total categorías;RESIDENCIA/ORIGEN;Total;Total Nacional;Total Nacional;Concepto turístico;Pernoctaciones;2008M02;14.831.691
Tipo de dato;Dato base;TIPO DE CATEGORIA;Total categorías;RESIDENCIA/ORIGEN;Total;Total Nacional;Total Nacional;Concepto turístico;Pernoctaciones;2008M01;12.710.146
Tipo de dato;Dato base;TIPO DE CATEGORIA;Total categorías;RESIDENCIA/ORIGEN;Total;Total Nacional;Total Nacional;Concepto turístico;Pernoctaciones;2007M12;13.356.493
Tipo de dato;Dato base;TIPO DE CATEGORIA;Total categorías;RESIDENCIA/ORIGEN;Total;Total Nacional;Total Nacional;Concepto turístico;Pernoctaciones;2007M11;15.289.839
Tipo de dato;Dato base;TIPO DE CATEGORIA;Total categorías;RESIDENCIA/ORIGEN;Total;Total Nacional;Total Nacional;Concepto turístico;Pernoctaciones;2007M10;23.476.804
Tipo de dato;Dato base;TIPO DE CATEGORIA;Total categorías;RESIDENCIA/ORIGEN;Total;Total Nacional;Total Nacional;Concepto turístico;Pernoctaciones;2007M09;30.142.242
Tipo de dato;Dato base;TIPO DE CATEGORIA;Total categorías;RESIDENCIA/ORIGEN;Total;Total Nacional;Total Nacional;Concepto turístico;Pernoctaciones;2007M08;38.132.493
Tipo de dato;Dato base;TIPO DE CATEGORIA;Total categorías;RESIDENCIA/ORIGEN;Total;Total Nacional;Total Nacional;Concepto turístico;Pernoctaciones;2007M07;34.315.590
Tipo de dato;Dato base;TIPO DE CATEGORIA;Total categorías;RESIDENCIA/ORIGEN;Total;Total Nacional;Total Nacional;Concepto turístico;Pernoctaciones;2007M06;28.459.008
Tipo de dato;Dato base;TIPO DE CATEGORIA;Total categorías;RESIDENCIA/ORIGEN;Total;Total Nacional;Total Nacional;Concepto turístico;Pernoctaciones;2007M05;23.486.608
Tipo de dato;Dato base;TIPO DE CATEGORIA;Total categorías;RESIDENCIA/ORIGEN;Total;Total Nacional;Total Nacional;Concepto turístico;Pernoctaciones;2007M04;21.690.169
Tipo de dato;Dato base;TIPO DE CATEGORIA;Total categorías;RESIDENCIA/ORIGEN;Total;Total Nacional;Total Nacional;Concepto turístico;Pernoctaciones;2007M03;17.428.802
Tipo de dato;Dato base;TIPO DE CATEGORIA;Total categorías;RESIDENCIA/ORIGEN;Total;Total Nacional;Total Nacional;Concepto turístico;Pernoctaciones;2007M02;13.555.040
Tipo de dato;Dato base;TIPO DE CATEGORIA;Total categorías;RESIDENCIA/ORIGEN;Total;Total Nacional;Total Nacional;Concepto turístico;Pernoctaciones;2007M01;12.356.394
Tipo de dato;Dato base;TIPO DE CATEGORIA;Total categorías;RESIDENCIA/ORIGEN;Total;Total Nacional;Total Nacional;Concepto turístico;Pernoctaciones;2006M12;13.141.207
Tipo de dato;Dato base;TIPO DE CATEGORIA;Total categorías;RESIDENCIA/ORIGEN;Total;Total Nacional;Total Nacional;Concepto turístico;Pernoctaciones;2006M11;14.269.663
Tipo de dato;Dato base;TIPO DE CATEGORIA;Total categorías;RESIDENCIA/ORIGEN;Total;Total Nacional;Total Nacional;Concepto turístico;Pernoctaciones;2006M10;23.372.257
Tipo de dato;Dato base;TIPO DE CATEGORIA;Total categorías;RESIDENCIA/ORIGEN;Total;Total Nacional;Total Nacional;Concepto turístico;Pernoctaciones;2006M09;29.918.731
Tipo de dato;Dato base;TIPO DE CATEGORIA;Total categorías;RESIDENCIA/ORIGEN;Total;Total Nacional;Total Nacional;Concepto turístico;Pernoctaciones;2006M08;37.636.214
Tipo de dato;Dato base;TIPO DE CATEGORIA;Total categorías;RESIDENCIA/ORIGEN;Total;Total Nacional;Total Nacional;Concepto turístico;Pernoctaciones;2006M07;34.105.558
Tipo de dato;Dato base;TIPO DE CATEGORIA;Total categorías;RESIDENCIA/ORIGEN;Total;Total Nacional;Total Nacional;Concepto turístico;Pernoctaciones;2006M06;27.996.368
Tipo de dato;Dato base;TIPO DE CATEGORIA;Total categorías;RESIDENCIA/ORIGEN;Total;Total Nacional;Total Nacional;Concepto turístico;Pernoctaciones;2006M05;23.734.897
Tipo de dato;Dato base;TIPO DE CATEGORIA;Total categorías;RESIDENCIA/ORIGEN;Total;Total Nacional;Total Nacional;Concepto turístico;Pernoctaciones;2006M04;21.185.887
Tipo de dato;Dato base;TIPO DE CATEGORIA;Total categorías;RESIDENCIA/ORIGEN;Total;Total Nacional;Total Nacional;Concepto turístico;Pernoctaciones;2006M03;16.370.344
Tipo de dato;Dato base;TIPO DE CATEGORIA;Total categorías;RESIDENCIA/ORIGEN;Total;Total Nacional;Total Nacional;Concepto turístico;Pernoctaciones;2006M02;13.221.070
Tipo de dato;Dato base;TIPO DE CATEGORIA;Total categorías;RESIDENCIA/ORIGEN;Total;Total Nacional;Total Nacional;Concepto turístico;Pernoctaciones;2006M01;12.075.662
Tipo de dato;Dato base;TIPO DE CATEGORIA;Total categorías;RESIDENCIA/ORIGEN;Total;Total Nacional;Total Nacional;Concepto turístico;Pernoctaciones;2005M12;11.572.418
Tipo de dato;Dato base;TIPO DE CATEGORIA;Total categorías;RESIDENCIA/ORIGEN;Total;Total Nacional;Total Nacional;Concepto turístico;Pernoctaciones;2005M11;13.162.420
Tipo de dato;Dato base;TIPO DE CATEGORIA;Total categorías;RESIDENCIA/ORIGEN;Total;Total Nacional;Total Nacional;Concepto turístico;Pernoctaciones;2005M10;22.163.277
Tipo de dato;Dato base;TIPO DE CATEGORIA;Total categorías;RESIDENCIA/ORIGEN;Total;Total Nacional;Total Nacional;Concepto turístico;Pernoctaciones;2005M09;28.313.666
Tipo de dato;Dato base;TIPO DE CATEGORIA;Total categorías;RESIDENCIA/ORIGEN;Total;Total Nacional;Total Nacional;Concepto turístico;Pernoctaciones;2005M08;35.857.571
Tipo de dato;Dato base;TIPO DE CATEGORIA;Total categorías;RESIDENCIA/ORIGEN;Total;Total Nacional;Total Nacional;Concepto turístico;Pernoctaciones;2005M07;31.022.067
Tipo de dato;Dato base;TIPO DE CATEGORIA;Total categorías;RESIDENCIA/ORIGEN;Total;Total Nacional;Total Nacional;Concepto turístico;Pernoctaciones;2005M06;25.042.689
Tipo de dato;Dato base;TIPO DE CATEGORIA;Total categorías;RESIDENCIA/ORIGEN;Total;Total Nacional;Total Nacional;Concepto turístico;Pernoctaciones;2005M05;22.318.874
Tipo de dato;Dato base;TIPO DE CATEGORIA;Total categorías;RESIDENCIA/ORIGEN;Total;Total Nacional;Total Nacional;Concepto turístico;Pernoctaciones;2005M04;16.480.644
Tipo de dato;Dato base;TIPO DE CATEGORIA;Total categorías;RESIDENCIA/ORIGEN;Total;Total Nacional;Total Nacional;Concepto turístico;Pernoctaciones;2005M03;16.184.767
Tipo de dato;Dato base;TIPO DE CATEGORIA;Total categorías;RESIDENCIA/ORIGEN;Total;Total Nacional;Total Nacional;Concepto turístico;Pernoctaciones;2005M02;12.430.710
Tipo de dato;Dato base;TIPO DE CATEGORIA;Total categorías;RESIDENCIA/ORIGEN;Total;Total Nacional;Total Nacional;Concepto turístico;Pernoctaciones;2005M01;11.088.055
Tipo de dato;Dato base;TIPO DE CATEGORIA;Total categorías;RESIDENCIA/ORIGEN;Total;Total Nacional;Total Nacional;Concepto turístico;Pernoctaciones;2004M12;11.384.786
Tipo de dato;Dato base;TIPO DE CATEGORIA;Total categorías;RESIDENCIA/ORIGEN;Total;Total Nacional;Total Nacional;Concepto turístico;Pernoctaciones;2004M11;12.294.550
Tipo de dato;Dato base;TIPO DE CATEGORIA;Total categorías;RESIDENCIA/ORIGEN;Total;Total Nacional;Total Nacional;Concepto turístico;Pernoctaciones;2004M10;21.180.295
Tipo de dato;Dato base;TIPO DE CATEGORIA;Total categorías;RESIDENCIA/ORIGEN;Total;Total Nacional;Total Nacional;Concepto turístico;Pernoctaciones;2004M09;26.878.757
Tipo de dato;Dato base;TIPO DE CATEGORIA;Total categorías;RESIDENCIA/ORIGEN;Total;Total Nacional;Total Nacional;Concepto turístico;Pernoctaciones;2004M08;34.472.302
Tipo de dato;Dato base;TIPO DE CATEGORIA;Total categorías;RESIDENCIA/ORIGEN;Total;Total Nacional;Total Nacional;Concepto turístico;Pernoctaciones;2004M07;29.131.986
Tipo de dato;Dato base;TIPO DE CATEGORIA;Total categorías;RESIDENCIA/ORIGEN;Total;Total Nacional;Total Nacional;Concepto turístico;Pernoctaciones;2004M06;23.776.940
Tipo de dato;Dato base;TIPO DE CATEGORIA;Total categorías;RESIDENCIA/ORIGEN;Total;Total Nacional;Total Nacional;Concepto turístico;Pernoctaciones;2004M05;20.624.722
Tipo de dato;Dato base;TIPO DE CATEGORIA;Total categorías;RESIDENCIA/ORIGEN;Total;Total Nacional;Total Nacional;Concepto turístico;Pernoctaciones;2004M04;17.537.681
Tipo de dato;Dato base;TIPO DE CATEGORIA;Total categorías;RESIDENCIA/ORIGEN;Total;Total Nacional;Total Nacional;Concepto turístico;Pernoctaciones;2004M03;14.731.784
Tipo de dato;Dato base;TIPO DE CATEGORIA;Total categorías;RESIDENCIA/ORIGEN;Total;Total Nacional;Total Nacional;Concepto turístico;Pernoctaciones;2004M02;12.278.676
Tipo de dato;Dato base;TIPO DE CATEGORIA;Total categorías;RESIDENCIA/ORIGEN;Total;Total Nacional;Total Nacional;Concepto turístico;Pernoctaciones;2004M01;10.404.685
Tipo de dato;Dato base;TIPO DE CATEGORIA;Total categorías;RESIDENCIA/ORIGEN;Total;Total Nacional;Total Nacional;Concepto turístico;Pernoctaciones;2003M12;10.426.118
Tipo de dato;Dato base;TIPO DE CATEGORIA;Total categorías;RESIDENCIA/ORIGEN;Total;Total Nacional;Total Nacional;Concepto turístico;Pernoctaciones;2003M11;11.600.240
Tipo de dato;Dato base;TIPO DE CATEGORIA;Total categorías;RESIDENCIA/ORIGEN;Total;Total Nacional;Total Nacional;Concepto turístico;Pernoctaciones;2003M10;19.635.547
Tipo de dato;Dato base;TIPO DE CATEGORIA;Total categorías;RESIDENCIA/ORIGEN;Total;Total Nacional;Total Nacional;Concepto turístico;Pernoctaciones;2003M09;25.943.815
Tipo de dato;Dato base;TIPO DE CATEGORIA;Total categorías;RESIDENCIA/ORIGEN;Total;Total Nacional;Total Nacional;Concepto turístico;Pernoctaciones;2003M08;33.851.008
Tipo de dato;Dato base;TIPO DE CATEGORIA;Total categorías;RESIDENCIA/ORIGEN;Total;Total Nacional;Total Nacional;Concepto turístico;Pernoctaciones;2003M07;28.557.092
Tipo de dato;Dato base;TIPO DE CATEGORIA;Total categorías;RESIDENCIA/ORIGEN;Total;Total Nacional;Total Nacional;Concepto turístico;Pernoctaciones;2003M06;24.047.255
Tipo de dato;Dato base;TIPO DE CATEGORIA;Total categorías;RESIDENCIA/ORIGEN;Total;Total Nacional;Total Nacional;Concepto turístico;Pernoctaciones;2003M05;20.977.540
Tipo de dato;Dato base;TIPO DE CATEGORIA;Total categorías;RESIDENCIA/ORIGEN;Total;Total Nacional;Total Nacional;Concepto turístico;Pernoctaciones;2003M04;17.483.719
Tipo de dato;Dato base;TIPO DE CATEGORIA;Total categorías;RESIDENCIA/ORIGEN;Total;Total Nacional;Total Nacional;Concepto turístico;Pernoctaciones;2003M03;14.414.114
Tipo de dato;Dato base;TIPO DE CATEGORIA;Total categorías;RESIDENCIA/ORIGEN;Total;Total Nacional;Total Nacional;Concepto turístico;Pernoctaciones;2003M02;11.135.676
Tipo de dato;Dato base;TIPO DE CATEGORIA;Total categorías;RESIDENCIA/ORIGEN;Total;Total Nacional;Total Nacional;Concepto turístico;Pernoctaciones;2003M01;10.088.783
Tipo de dato;Dato base;TIPO DE CATEGORIA;Total categorías;RESIDENCIA/ORIGEN;Total;Total Nacional;Total Nacional;Concepto turístico;Pernoctaciones;2002M12;10.267.810
Tipo de dato;Dato base;TIPO DE CATEGORIA;Total categorías;RESIDENCIA/ORIGEN;Total;Total Nacional;Total Nacional;Concepto turístico;Pernoctaciones;2002M11;11.536.070
Tipo de dato;Dato base;TIPO DE CATEGORIA;Total categorías;RESIDENCIA/ORIGEN;Total;Total Nacional;Total Nacional;Concepto turístico;Pernoctaciones;2002M10;19.395.671
Tipo de dato;Dato base;TIPO DE CATEGORIA;Total categorías;RESIDENCIA/ORIGEN;Total;Total Nacional;Total Nacional;Concepto turístico;Pernoctaciones;2002M09;25.483.036
Tipo de dato;Dato base;TIPO DE CATEGORIA;Total categorías;RESIDENCIA/ORIGEN;Total;Total Nacional;Total Nacional;Concepto turístico;Pernoctaciones;2002M08;32.147.463
Tipo de dato;Dato base;TIPO DE CATEGORIA;Total categorías;RESIDENCIA/ORIGEN;Total;Total Nacional;Total Nacional;Concepto turístico;Pernoctaciones;2002M07;27.712.422
Tipo de dato;Dato base;TIPO DE CATEGORIA;Total categorías;RESIDENCIA/ORIGEN;Total;Total Nacional;Total Nacional;Concepto turístico;Pernoctaciones;2002M06;22.781.459
Tipo de dato;Dato base;TIPO DE CATEGORIA;Total categorías;RESIDENCIA/ORIGEN;Total;Total Nacional;Total Nacional;Concepto turístico;Pernoctaciones;2002M05;20.427.391
Tipo de dato;Dato base;TIPO DE CATEGORIA;Total categorías;RESIDENCIA/ORIGEN;Total;Total Nacional;Total Nacional;Concepto turístico;Pernoctaciones;2002M04;15.757.341
Tipo de dato;Dato base;TIPO DE CATEGORIA;Total categorías;RESIDENCIA/ORIGEN;Total;Total Nacional;Total Nacional;Concepto turístico;Pernoctaciones;2002M03;15.746.849
Tipo de dato;Dato base;TIPO DE CATEGORIA;Total categorías;RESIDENCIA/ORIGEN;Total;Total Nacional;Total Nacional;Concepto turístico;Pernoctaciones;2002M02;11.501.625
Tipo de dato;Dato base;TIPO DE CATEGORIA;Total categorías;RESIDENCIA/ORIGEN;Total;Total Nacional;Total Nacional;Concepto turístico;Pernoctaciones;2002M01;9.797.644
Tipo de dato;Dato base;TIPO DE CATEGORIA;Total categorías;RESIDENCIA/ORIGEN;Total;Total Nacional;Total Nacional;Concepto turístico;Pernoctaciones;2001M12;10.051.397
Tipo de dato;Dato base;TIPO DE CATEGORIA;Total categorías;RESIDENCIA/ORIGEN;Total;Total Nacional;Total Nacional;Concepto turístico;Pernoctaciones;2001M11;11.920.037
Tipo de dato;Dato base;TIPO DE CATEGORIA;Total categorías;RESIDENCIA/ORIGEN;Total;Total Nacional;Total Nacional;Concepto turístico;Pernoctaciones;2001M10;20.014.768
Tipo de dato;Dato base;TIPO DE CATEGORIA;Total categorías;RESIDENCIA/ORIGEN;Total;Total Nacional;Total Nacional;Concepto turístico;Pernoctaciones;2001M09;26.584.837
Tipo de dato;Dato base;TIPO DE CATEGORIA;Total categorías;RESIDENCIA/ORIGEN;Total;Total Nacional;Total Nacional;Concepto turístico;Pernoctaciones;2001M08;32.004.309
Tipo de dato;Dato base;TIPO DE CATEGORIA;Total categorías;RESIDENCIA/ORIGEN;Total;Total Nacional;Total Nacional;Concepto turístico;Pernoctaciones;2001M07;28.657.024
Tipo de dato;Dato base;TIPO DE CATEGORIA;Total categorías;RESIDENCIA/ORIGEN;Total;Total Nacional;Total Nacional;Concepto turístico;Pernoctaciones;2001M06;23.896.573
Tipo de dato;Dato base;TIPO DE CATEGORIA;Total categorías;RESIDENCIA/ORIGEN;Total;Total Nacional;Total Nacional;Concepto turístico;Pernoctaciones;2001M05;21.063.744
Tipo de dato;Dato base;TIPO DE CATEGORIA;Total categorías;RESIDENCIA/ORIGEN;Total;Total Nacional;Total Nacional;Concepto turístico;Pernoctaciones;2001M04;18.085.751
Tipo de dato;Dato base;TIPO DE CATEGORIA;Total categorías;RESIDENCIA/ORIGEN;Total;Total Nacional;Total Nacional;Concepto turístico;Pernoctaciones;2001M03;14.516.657
Tipo de dato;Dato base;TIPO DE CATEGORIA;Total categorías;RESIDENCIA/ORIGEN;Total;Total Nacional;Total Nacional;Concepto turístico;Pernoctaciones;2001M02;11.753.586
Tipo de dato;Dato base;TIPO DE CATEGORIA;Total categorías;RESIDENCIA/ORIGEN;Total;Total Nacional;Total Nacional;Concepto turístico;Pernoctaciones;2001M01;10.132.886
Tipo de dato;Dato base;TIPO DE CATEGORIA;Total categorías;RESIDENCIA/ORIGEN;Total;Total Nacional;Total Nacional;Concepto turístico;Pernoctaciones;2000M12;10.325.261
Tipo de dato;Dato base;TIPO DE CATEGORIA;Total categorías;RESIDENCIA/ORIGEN;Total;Total Nacional;Total Nacional;Concepto turístico;Pernoctaciones;2000M11;11.871.141
Tipo de dato;Dato base;TIPO DE CATEGORIA;Total categorías;RESIDENCIA/ORIGEN;Total;Total Nacional;Total Nacional;Concepto turístico;Pernoctaciones;2000M10;20.400.125
Tipo de dato;Dato base;TIPO DE CATEGORIA;Total categorías;RESIDENCIA/ORIGEN;Total;Total Nacional;Total Nacional;Concepto turístico;Pernoctaciones;2000M09;26.175.432
Tipo de dato;Dato base;TIPO DE CATEGORIA;Total categorías;RESIDENCIA/ORIGEN;Total;Total Nacional;Total Nacional;Concepto turístico;Pernoctaciones;2000M08;31.282.474
Tipo de dato;Dato base;TIPO DE CATEGORIA;Total categorías;RESIDENCIA/ORIGEN;Total;Total Nacional;Total Nacional;Concepto turístico;Pernoctaciones;2000M07;28.181.545
Tipo de dato;Dato base;TIPO DE CATEGORIA;Total categorías;RESIDENCIA/ORIGEN;Total;Total Nacional;Total Nacional;Concepto turístico;Pernoctaciones;2000M06;24.084.087
Tipo de dato;Dato base;TIPO DE CATEGORIA;Total categorías;RESIDENCIA/ORIGEN;Total;Total Nacional;Total Nacional;Concepto turístico;Pernoctaciones;2000M05;20.998.662
Tipo de dato;Dato base;TIPO DE CATEGORIA;Total categorías;RESIDENCIA/ORIGEN;Total;Total Nacional;Total Nacional;Concepto turístico;Pernoctaciones;2000M04;18.006.005
Tipo de dato;Dato base;TIPO DE CATEGORIA;Total categorías;RESIDENCIA/ORIGEN;Total;Total Nacional;Total Nacional;Concepto turístico;Pernoctaciones;2000M03;14.537.790
Tipo de dato;Dato base;TIPO DE CATEGORIA;Total categorías;RESIDENCIA/ORIGEN;Total;Total Nacional;Total Nacional;Concepto turístico;Pernoctaciones;2000M02;11.453.033
Tipo de dato;Dato base;TIPO DE CATEGORIA;Total categorías;RESIDENCIA/ORIGEN;Total;Total Nacional;Total Nacional;Concepto turístico;Pernoctaciones;2000M01;9.828.017
Tipo de dato;Dato base;TIPO DE CATEGORIA;Total categorías;RESIDENCIA/ORIGEN;Total;Total Nacional;Total Nacional;Concepto turístico;Pernoctaciones;1999M12;10.189.931
Tipo de dato;Dato base;TIPO DE CATEGORIA;Total categorías;RESIDENCIA/ORIGEN;Total;Total Nacional;Total Nacional;Concepto turístico;Pernoctaciones;1999M11;11.875.758
Tipo de dato;Dato base;TIPO DE CATEGORIA;Total categorías;RESIDENCIA/ORIGEN;Total;Total Nacional;Total Nacional;Concepto turístico;Pernoctaciones;1999M10;21.402.806
Tipo de dato;Dato base;TIPO DE CATEGORIA;Total categorías;RESIDENCIA/ORIGEN;Total;Total Nacional;Total Nacional;Concepto turístico;Pernoctaciones;1999M09;26.750.512
Tipo de dato;Dato base;TIPO DE CATEGORIA;Total categorías;RESIDENCIA/ORIGEN;Total;Total Nacional;Total Nacional;Concepto turístico;Pernoctaciones;1999M08;31.967.269
Tipo de dato;Dato base;TIPO DE CATEGORIA;Total categorías;RESIDENCIA/ORIGEN;Total;Total Nacional;Total Nacional;Concepto turístico;Pernoctaciones;1999M07;28.531.434
Tipo de dato;Dato base;TIPO DE CATEGORIA;Total categorías;RESIDENCIA/ORIGEN;Total;Total Nacional;Total Nacional;Concepto turístico;Pernoctaciones;1999M06;24.313.223
Tipo de dato;Dato base;TIPO DE CATEGORIA;Total categorías;RESIDENCIA/ORIGEN;Total;Total Nacional;Total Nacional;Concepto turístico;Pernoctaciones;1999M05;21.966.528
Tipo de dato;Dato base;TIPO DE CATEGORIA;Total categorías;RESIDENCIA/ORIGEN;Total;Total Nacional;Total Nacional;Concepto turístico;Pernoctaciones;1999M04;17.472.798
Tipo de dato;Dato base;TIPO DE CATEGORIA;Total categorías;RESIDENCIA/ORIGEN;Total;Total Nacional;Total Nacional;Concepto turístico;Pernoctaciones;1999M03;14.212.113
Tipo de dato;Dato base;TIPO DE CATEGORIA;Total categorías;RESIDENCIA/ORIGEN;Total;Total Nacional;Total Nacional;Concepto turístico;Pernoctaciones;1999M02;11.451.100
Tipo de dato;Dato base;TIPO DE CATEGORIA;Total categorías;RESIDENCIA/ORIGEN;Total;Total Nacional;Total Nacional;Concepto turístico;Pernoctaciones;1999M01;10.406.167
